{"cameraMode":{"drawMode":0,"name":"Shaded","section":"Shading Mode"},"sceneLighting":false,"audioPlay":false,"sceneViewState":{"showFog":true,"showMaterialUpdate":false,"showSkybox":true,"showFlares":true,"showImageEffects":true,"showParticleSystems":true},"in2DMode":false,"pivot":{"x":-0.6805286407470703,"y":2.1480884552001955,"z":14.490912437438965},"rotation":{"x":-0.1765122413635254,"y":0.3764432370662689,"z":-0.07329961657524109,"w":-0.9065117239952087},"size":15.011812210083008,"orthographic":false}